Model,Input_Size,Total_Params,Trainable_Params,FLOPs,FPS,Mean_Time_ms,Std_Time_ms,Throughput
CSCAUNet,224x224,35274795,35274795,10517017824.0,42.91312992374314,23.30289125442505,3.8240170022009266,42.91312992374314
